时间,开盘,最高,最低,收盘,成交量,持仓量,MA5,MA10,MA20,MA60,MACD,MACD_SIGNAL,MACD_HIST,RSI14,ATR14,CCI20,VOL_MA20,OBV,OI_MA20,OI_CHANGE,OI_CHANGE_PCT
2024-11-18,750.0,780.0,750.0,764.0,89550,10593,764.0,764.0,764.0,764.0,0.0,0.0,0.0,0.0,30.0,0.0,89550.0,0,10593.0,0.0,0.0
2024-11-19,765.0,778.0,761.5,772.0,66189,11420,768.0,768.0,768.0,768.0,0.6381766381766738,0.12763532763533478,0.510541310541339,99.9999999975,23.25,35.355339059327726,77869.5,66189,11006.5,827.0,7.807042386481644
2024-11-20,770.0,775.0,764.5,770.0,25015,10048,768.6666666666666,768.6666666666666,768.6666666666666,768.6666666666666,0.9713557519825144,0.29637941250477073,0.6749763394777437,80.0,19.0,23.48980879373406,60251.333333333336,41174,10687.0,-1372.0,-12.014010507880911
2024-11-21,771.5,814.5,768.0,814.5,201745,34955,780.125,780.125,780.125,780.125,4.771181487847571,1.191339827573331,3.57984166027424,96.3302752293578,25.875,73.93894624329273,95624.75,242919,16754.0,24907.0,247.88017515923565
2024-11-22,815.5,827.0,802.0,809.5,282985,27376,786.0,786.0,786.0,786.0,7.295020095857808,2.4120758812302263,4.882944214627582,88.23529411764706,25.7,69.24086096770439,133096.8,-40066,18878.4,-7579.0,-21.682162780718063
2024-11-25,809.5,815.5,790.5,797.5,192107,26222,792.7,787.9166666666666,787.9166666666666,787.9166666666666,8.231987437223552,3.5760581924288917,4.65592924479466,73.42657342657343,25.583333333333332,36.406010068017494,142931.83333333334,-232173,20102.333333333332,-1154.0,-4.2153711279953265
2024-11-26,794.0,806.0,793.0,797.0,91770,27029,797.7,789.2142857142857,789.2142857142857,789.2142857142857,8.832380796558823,4.627322713254879,4.205058083303944,72.91666666666667,23.785714285714285,27.56935207511071,135623.0,-323943,21091.85714285714,807.0,3.077568453969959
2024-11-27,798.0,801.0,792.0,796.5,58989,24904,803.0,790.125,790.125,790.125,9.162234502060073,5.534305071015918,3.627929431044155,72.41379310344828,21.9375,20.431384590164214,126043.75,-382932,21568.375,-2125.0,-7.861926079396209
2024-11-28,795.0,815.0,794.0,797.5,124809,23903,799.6,790.9444444444445,790.9444444444445,790.9444444444445,9.396026043383813,6.306649265489497,3.0893767778943158,72.7891156462585,21.833333333333332,33.28683879296847,125906.55555555556,-258123,21827.777777777777,-1001.0,-4.01943462897526
2024-11-29,797.0,805.0,796.0,801.5,38599,20915,798.0,792.0,792.0,792.0,9.791207153613072,7.003560843114213,2.787646310498859,74.19354838709677,20.55,27.58172778073321,117175.8,-219524,21736.5,-2988.0,-12.500522946910431
2024-12-02,802.0,806.5,797.0,801.0,23717,20372,798.7,795.7,792.8181818181819,792.8181818181819,9.949355235375492,7.5927197215664695,2.3566355138090227,73.71794871794872,19.545454545454547,27.85444849632749,108679.54545454546,-243241,21612.454545454544,-543.0,-2.5962228065981363
2024-12-03,800.5,802.0,796.0,800.5,19275,17436,799.4,798.55,793.4583333333334,793.4583333333334,9.919991422108183,8.058174061674812,1.8618173604333705,73.2484076433121,18.416666666666668,20.641767635263445,101229.16666666667,-262516,21264.416666666668,-2936.0,-14.411937954054588
2024-12-04,800.0,810.0,798.5,800.0,29412,17101,800.1,801.55,793.9615384615385,793.9615384615385,9.744051210322027,8.395349491404255,1.3487017189177717,72.78481012658227,17.884615384615383,29.77359615140745,95704.76923076923,-291928,20944.153846153848,-335.0,-1.9213122275751338
2024-12-05,800.0,803.0,783.5,795.0,18780,15065,799.6,799.6,794.0357142857143,794.0357142857143,9.096302597551244,8.535540112633655,0.5607624849175892,68.45238095238095,18.0,-0.04104966648573608,90210.14285714286,-310708,20524.214285714286,-2036.0,-11.905736506637044
2024-12-06,795.0,796.0,789.0,793.0,13243,13715,797.9,797.95,793.9666666666667,793.9666666666667,8.325601518057965,8.493552393718517,-0.16795087566055145,66.86046511627907,16.357142857142858,-3.9352377868680066,85079.0,-323951,20070.266666666666,-1350.0,-8.961168270826414
2024-12-09,795.0,800.0,794.0,795.5,10050,13541,796.8,797.75,794.0625,794.0625,7.826327435628059,8.360107402100425,-0.5337799664723661,64.59627329192547,15.678571428571429,9.476944382525051,80389.6875,-313901,19662.1875,-174.0,-1.2686839227123548
2024-12-10,808.0,812.0,799.0,804.0,19829,13150,797.5,798.45,794.6470588235294,794.6470588235294,8.024032044144633,8.292892330509266,-0.26886028636463344,69.54022988505747,16.107142857142858,38.95894330534971,76827.29411764706,-294072,19279.117647058825,-391.0,-2.8875267705486984
2024-12-11,806.0,806.0,801.0,803.5,7793,11193,798.2,799.15,795.1388888888889,795.1388888888889,8.047600816695876,8.243834027746589,-0.19623321105071234,37.2093023255814,13.142857142857142,32.04496564235532,72992.05555555556,-301865,18829.88888888889,-1957.0,-14.882129277566536
2024-12-12,803.5,807.0,802.0,804.5,6282,11209,800.1,799.85,795.6315789473684,795.6315789473684,8.054127908390456,8.205892803875363,-0.15176489548490757,43.58974358974359,11.714285714285714,34.459836786127816,69481.0,-295583,18428.78947368421,16.0,0.14294648440988933
2024-12-13,800.0,802.5,798.0,801.0,7307,10903,801.7,799.8,795.9,795.9,7.688254514038363,8.102365145907964,-0.41411063186960106,55.73770491803278,10.392857142857142,18.482857865327244,66372.3,-302890,18052.5,-306.0,-2.729949148006061
2024-12-16,802.0,806.0,801.0,803.0,6200,10705,803.2,800.0,797.85,796.2380952380952,7.473530293232102,7.976598175372791,-0.5030678821406891,59.375,9.821428571428571,26.83782160079663,62204.8,-296690,18058.1,-198.0,-1.8160139411171228
2024-12-17,803.0,819.5,802.0,807.5,20534,12745,803.9,800.7,799.625,796.75,7.579104988689096,7.897099538036052,-0.31799454934695603,65.27777777777777,10.428571428571429,58.55003035151195,59922.05,-276156,18124.35,2040.0,19.056515646893967
2024-12-18,808.0,814.0,806.5,808.5,12072,12298,804.9,801.55,801.55,797.2608695652174,7.6552207188767625,7.848723774204194,-0.19350305532743128,65.27777777777777,9.464285714285714,77.68972350497285,59274.9,-264084,18236.85,-447.0,-3.5072577481365275
2024-12-19,809.0,813.0,808.0,810.5,9166,13191,806.1,803.1,801.35,797.8125,7.787160727213291,7.836411164806013,-0.04925043759272274,63.23529411764706,9.178571428571429,75.55410204361864,49645.95,-254918,17148.65,893.0,7.261343307854928
2024-12-20,812.0,829.5,810.5,829.0,23325,18469,811.7,806.7,802.325,799.06,9.277573432010172,8.124643618246846,1.1529298137633255,76.92307692307693,9.857142857142858,148.93580570426383,36662.95,-231593,16703.3,5278.0,40.012129482222726
2024-12-23,826.5,839.0,819.0,823.0,68630,20154,815.7,809.45,803.6,799.9807692307693,9.8609158824122,8.471898071079918,1.3890178113322822,69.56521739130434,10.857142857142858,132.3313647556126,30489.1,-300223,16399.9,1685.0,9.123395960799186
2024-12-24,822.0,831.0,822.0,829.0,18255,21716,820.0,811.95,805.2,801.0555555555555,10.684207934637016,8.914360043791337,1.7698478908456785,73.01587301587301,10.678571428571429,109.23691597166652,26813.35,-281968,16134.25,1562.0,7.750322516622021
2024-12-25,830.0,834.5,822.0,823.5,18936,19732,823.0,813.95,806.55,801.8571428571429,10.768733526156325,9.285234740264334,1.4834987858919906,72.44094488188976,10.178571428571429,90.95371444362863,24810.7,-300904,15875.65,-1984.0,-9.136120832565853
2024-12-26,822.0,826.5,814.0,816.0,22407,18291,824.1,815.1,807.475,802.3448275862069,10.113946071920282,9.450977006595524,0.6629690653247575,66.66666666666666,10.571428571428571,49.69085530309126,19690.6,-323311,15595.05,-1441.0,-7.30285830123657
2024-12-27,816.0,828.0,815.5,824.5,17417,16613,823.2,817.45,808.625,803.0833333333334,10.163739991570992,9.593529603590618,0.5702103879803744,69.33333333333334,10.964285714285714,60.23419393574829,18631.5,-305894,15379.95,-1678.0,-9.173910666447982
2024-12-30,822.0,827.5,819.0,823.5,8709,15869,823.3,819.5,809.75,803.741935483871,10.00715414523961,9.676254511920417,0.33089963331919314,64.44444444444444,10.392857142857142,56.913035097063535,17881.1,-314603,15154.8,-744.0,-4.478420514055259
2024-12-31,821.0,831.5,820.0,827.5,15589,16802,823.0,821.5,811.1,804.484375,10.089519603011354,9.758907530138606,0.3306120728727482,66.90140845070422,10.857142857142858,62.60061451916013,17696.8,-299014,15123.1,933.0,5.879387485033716
2025-01-02,829.0,837.5,825.0,829.0,25704,18483,824.1,823.55,812.55,805.2272727272727,10.158728783852439,9.838871780881373,0.3198570029710659,67.13286713286713,11.392857142857142,71.000529140137,17511.4,-273310,15192.2,1681.0,10.004761337935953
2025-01-03,829.0,832.0,823.0,829.0,14157,17173,826.7,825.4,814.25,805.9264705882352,10.09718351204583,9.890534127114265,0.20664938493156626,70.58823529411765,11.571428571428571,55.92303201524083,17280.25,-273310,15297.6,-1310.0,-7.087594005302167
2025-01-06,831.5,846.0,828.0,840.5,42290,24438,829.9,826.55,816.625,806.9142857142857,10.851275581005893,10.082682417892592,0.7685931631133016,74.19354838709677,12.5,88.83878724996907,18732.6,-231020,15833.75,7265.0,42.30478076049613
2025-01-07,839.5,849.0,836.0,848.0,35604,27689,834.8,829.05,819.25,808.0555555555555,11.916717793655494,10.449489493045172,1.467228300610321,75.15527950310559,12.178571428571429,100.29222773806785,20010.3,-195416,16541.15,3251.0,13.303052622964229
2025-01-08,849.0,858.5,844.0,849.5,42102,28772,839.2,831.1,821.525,809.1756756756756,12.735321033837977,10.906655801203733,1.8286652326342434,75.30864197530865,12.678571428571429,104.96476212145693,21123.95,-153314,17322.25,1083.0,3.9113005164505665
2025-01-09,848.5,852.5,843.0,847.0,23967,27475,842.8,833.45,823.7,810.171052631579,13.03211478573212,11.331747598109411,1.7003671876227084,72.39263803680981,13.0,82.81074986158818,21932.65,-177281,18136.35,-1297.0,-4.5078548588905925
2025-01-10,847.0,863.5,845.5,862.0,35287,31970,849.4,838.05,826.575,811.5,14.312712570996837,11.927940592686896,2.3847719783099404,71.15384615384616,12.928571428571429,99.2606182172297,23382.9,-141994,19174.4,4495.0,16.360327570518663
2025-01-13,862.5,881.5,862.0,869.5,57371,33470,855.2,842.55,830.0,812.95,15.751212686848248,12.692595011519167,3.0586176753290815,79.24528301886792,12.892857142857142,119.53628102311544,25886.1,-84623,20302.75,1500.0,4.691898654989046
2025-01-14,868.0,873.0,855.0,861.5,34862,31037,857.9,846.35,832.925,814.1341463414634,16.060565054687913,13.366189020152916,2.694376034534997,69.93865030674846,13.535714285714286,86.35651214612597,27319.2,-119485,21319.35,-2433.0,-7.269196295189717
2025-01-15,860.0,871.5,844.0,855.0,59704,28716,859.0,849.1,835.3,815.1071428571429,15.601390242543062,13.813229264630946,1.7881609779121153,69.0909090909091,14.607142857142858,62.01304199267179,29277.7,-179189,22117.9,-2321.0,-7.47817121500145
2025-01-16,860.0,868.5,857.0,864.5,26469,28763,862.5,852.65,838.1,816.2558139534884,15.821679033682699,14.214919218441297,1.6067598152414018,78.69822485207101,14.678571428571429,72.89351198216023,29997.55,-152720,22941.15,47.0,0.1636718205878296
2025-01-17,865.5,869.5,857.5,864.5,22919,28669,863.0,856.2,840.8,817.3522727272727,15.813965932339784,14.534728561220994,1.2792373711187892,76.31578947368422,14.642857142857142,67.94613457975619,30685.2,-152720,23715.05,-94.0,-0.32680874734902776
2025-01-20,865.5,874.0,860.0,864.0,32289,28688,861.9,858.55,842.55,818.3888888888889,15.587820728355041,14.745346994647804,0.8424737337072372,76.82119205298014,15.035714285714286,66.5083608315288,31133.4,-185009,24226.0,19.0,0.06627367539850937
2025-01-21,865.0,865.5,854.5,856.5,18361,27748,860.9,859.4,844.225,819.2173913043479,14.63471185653384,14.723219967025013,-0.08850811049117269,68.35443037974684,15.0,41.702699987611574,28619.95,-203370,24605.7,-940.0,-3.27663134411601
2025-01-22,855.0,862.0,848.0,857.0,20405,25293,861.3,860.15,845.625,820.0212765957447,13.761082833237538,14.53079254026752,-0.7697097070299819,67.94871794871794,15.107142857142858,29.1142962669268,28727.45,-182965,24784.55,-2455.0,-8.847484503387637
2025-01-23,857.0,861.5,856.0,861.0,10121,24832,860.6,861.55,847.5,820.875,13.238882512042665,14.27241053462255,-1.033528022579885,69.51219512195122,14.857142857142858,36.19112594412953,28286.7,-172844,25039.55,-461.0,-1.8226386747321355
2025-01-24,861.5,873.5,859.0,870.5,15502,25549,861.8,862.4,850.225,821.8877551020408,13.436715508120187,14.105271529322078,-0.6685560212018906,68.75,14.607142857142858,55.844557980243266,27941.45,-157342,25402.45,717.0,2.8874033505154717
2025-01-27,870.0,876.5,869.0,875.0,11114,25264,864.0,862.95,852.75,822.95,13.797562265638362,14.043729676585336,-0.24616741094697403,67.53246753246754,14.214285714285714,68.16776260372276,27626.3,-146228,25835.0,-285.0,-1.1155035422130033
2025-02-05,882.0,882.0,863.0,867.5,17762,25210,866.2,863.55,854.95,823.8235294117648,13.324749186592612,13.899933578586792,-0.5751843919941795,60.8433734939759,14.535714285714286,55.770969848973074,28078.95,-163990,26302.05,-54.0,-0.21374287523748814
2025-02-06,870.0,890.0,863.0,890.0,33683,33553,872.8,867.05,858.075,825.0961538461538,14.597334390342098,14.039413740937853,0.5579206494042452,70.873786407767,15.785714285714286,84.08138593302422,28983.65,-130307,27139.6,8343.0,33.09401031336772
2025-02-07,890.0,892.5,883.0,890.0,21534,35505,878.6,869.6,861.125,826.3207547169811,15.428022690825514,14.317135530915387,1.1108871599101278,65.9090909090909,15.178571428571429,99.40268126678949,28775.15,-130307,27990.7,1952.0,5.817661609990155
2025-02-10,890.0,898.0,886.5,898.0,26734,40707,884.1,872.95,864.575,827.6481481481482,16.54120557364513,14.761949539461337,1.779256034183792,66.10169491525424,14.607142857142858,109.29796709307905,29404.0,-103573,29167.4,5202.0,14.65145754119137
2025-02-11,897.0,899.0,884.0,892.5,29537,40024,887.6,875.8,867.175,828.8272727272728,16.786107198946638,15.166781071358399,1.6193261275882396,68.02325581395348,14.392857142857142,91.2647904216726,28766.35,-133110,29946.7,-683.0,-1.6778441054364102
2025-02-12,893.0,901.0,890.5,892.0,34045,42774,892.5,879.35,869.375,829.9553571428571,16.746800982884224,15.482785053663564,1.26401592922066,73.125,13.178571428571429,89.56473501199271,28688.4,-167155,30700.95,2750.0,6.870877473515891
2025-02-13,891.0,891.5,871.0,875.0,48911,42727,889.5,881.15,870.65,830.7456140350877,15.169033423486326,15.420034727628117,-0.25100130414179134,55.99999999999999,13.714285714285714,32.32787783599389,29028.85,-216066,31398.7,-47.0,-0.10987983354374675
2025-02-14,874.5,890.0,874.0,876.0,40513,41295,886.7,882.65,872.1,831.5258620689655,13.839796350755705,15.103987052253636,-1.264190701497931,56.497175141242934,14.0,31.580015529707136,29856.15,-175553,32089.7,-1432.0,-3.351510754323961
2025-02-17,879.0,888.5,875.0,886.5,34973,43175,884.4,884.25,873.325,832.457627118644,13.478259654448266,14.778841572692563,-1.3005819182442977,61.421319796954315,13.964285714285714,40.13477862001942,29840.45,-140580,32649.95,1880.0,4.552609274730601
2025-02-18,886.0,889.0,879.0,885.0,23136,42363,882.9,885.25,874.1,833.3333333333334,12.921747887775041,14.40742283570906,-1.4856749479340188,65.4054054054054,13.892857142857142,40.70995198691644,28128.7,-163716,33094.6,-812.0,-1.880718008106541
2025-02-19,885.0,892.0,880.5,889.0,26141,42630,882.3,887.4,875.475,835.4166666666666,12.65756632827015,14.05745153422128,-1.3998852059511293,66.66666666666666,13.714285714285714,46.75282787641441,27692.65,-137575,33674.25,267.0,0.6302669782593195
2025-02-20,888.0,902.0,885.0,897.0,34211,43782,886.7,888.1,877.575,837.5,12.944517342011068,13.834864695779236,-0.8903473537681688,68.0,14.535714285714286,68.4618265598758,26418.0,-103364,34427.55,1152.0,2.70232230823364
2025-02-21,896.5,900.5,890.0,895.0,29653,44000,890.5,888.6,879.1,839.5833333333334,12.862276485631241,13.640347053749638,-0.7780705681183964,63.24324324324324,14.25,63.28168004086073,26577.2,-133017,35189.4,218.0,0.49792152025947
2025-02-24,890.0,890.5,873.5,874.5,43785,42971,888.1,886.25,879.6,840.5833333333334,11.015936481508902,13.115464939301493,-2.099528457792591,49.76958525345622,15.25,0.9169807800908374,27620.5,-176802,35904.5,-1029.0,-2.3386363636363594
2025-02-25,872.0,873.5,857.0,867.0,56101,41771,884.5,883.7,879.75,841.5416666666666,8.845545464244879,12.261481044290171,-3.415935580045293,49.76958525345622,15.142857142857142,-52.7210292803243,28811.1,-232903,36558.65,-1200.0,-2.7925810430290188
2025-02-26,866.0,875.0,860.0,862.5,28518,40893,879.2,880.75,880.05,842.625,6.685318365656144,11.146248508563367,-4.460930142907223,34.80662983425414,14.285714285714286,-56.328910813197275,29318.95,-261421,37215.9,-878.0,-2.1019367503770536
2025-02-27,861.5,867.0,854.0,864.5,34638,39687,872.7,879.7,880.425,843.75,5.076190942366907,9.932236995324075,-4.8560460529571685,36.21621621621621,14.535714285714286,-77.56960224474183,30030.6,-226783,37935.6,-1206.0,-2.949160002934492
2025-02-28,863.0,868.0,858.5,865.0,16710,38232,866.7,878.6,880.625,844.8916666666667,3.7975162837516336,8.705292853009587,-4.907776569257953,30.588235294117638,14.392857142857142,-72.17959956554013,30360.05,-210073,38605.6,-1455.0,-3.666187920477737
2025-03-03,862.0,864.5,848.0,853.0,42299,38817,862.4,875.25,879.75,845.8166666666667,1.7951641576710244,7.323267113941875,-5.528102956270851,28.415300546448094,14.535714285714286,-98.81312972093187,31699.9,-252372,39269.0,585.0,1.5301318267419983
2025-03-04,854.0,857.0,849.5,853.5,20547,37196,859.7,872.1,878.675,846.6833333333333,0.2457980855833739,5.907773308270175,-5.661975222686801,28.96174863387978,14.321428571428571,-92.56499441906072,32171.55,-231825,39865.6,-1621.0,-4.176005358476953
2025-03-05,866.5,874.0,845.0,856.5,80405,34965,858.5,868.85,878.125,847.6083333333333,-0.7315775901046209,4.579903128595216,-5.311480718699837,38.06451612903226,14.892857142857142,-68.13014821462957,35303.7,-151420,40353.35,-2231.0,-5.99795676954511
2025-03-06,856.5,862.5,852.0,860.5,25376,33941,857.7,865.2,876.65,848.6083333333333,-1.1699023777222237,3.4299420273317285,-4.599844405053952,40.372670807453424,14.5,-61.99672952443324,34888.35,-126044,40372.75,-1024.0,-2.9286429286429327
2025-03-07,860.0,866.5,856.0,860.0,14823,32673,856.7,861.7,875.15,849.6083333333333,-1.5398730531751426,2.4359790112303545,-3.975852064405497,31.205673758865245,14.285714285714286,-48.48081081673343,34552.8,-140867,40231.15,-1268.0,-3.7358946407000437
2025-03-10,859.0,864.0,855.0,862.0,15510,31942,858.5,860.45,873.35,850.725,-1.652643547581988,1.6182544994678862,-3.270898047049874,33.80281690140845,14.214285714285714,-45.50074721580926,33991.6,-125357,39792.9,-731.0,-2.2373213356594146
2025-03-11,860.5,862.0,854.0,856.5,14372,32127,859.1,859.4,871.55,851.7833333333333,-2.1609093930849212,0.8624217209573248,-3.023331114042246,27.58620689655173,13.964285714285714,-50.09432065300385,33233.35,-139729,39398.05,185.0,0.5791747542420733
2025-03-12,857.0,857.0,832.0,834.0,50503,39208,854.6,856.55,868.65,852.425,-4.329369421406909,-0.17593650751552203,-4.153432913891387,13.793103448275858,14.535714285714286,-94.39862895035155,34056.25,-190232,39219.75,7081.0,22.040651165686185
2025-03-13,834.0,843.0,828.5,839.0,30443,36109,850.3,854.0,866.85,853.0083333333333,-5.580107398908126,-1.2567706857940428,-4.323336713114083,18.888888888888886,14.821428571428571,-92.30339317872522,33132.85,-159789,38888.85,-3099.0,-7.903999183840038
2025-03-14,838.0,844.5,835.5,843.5,15558,34005,847.0,851.85,865.225,853.675,-6.1374649892705975,-2.2329095464893536,-3.904555442781244,29.054054054054063,13.928571428571429,-70.28346275509513,31885.1,-144231,38524.35,-2104.0,-5.826802182281421
2025-03-17,840.0,842.0,829.0,832.5,20780,34919,841.1,849.8,862.525,854.1416666666667,-7.381691420588368,-3.2626659213091562,-4.1190254992792115,27.74193548387096,13.714285714285714,-79.16793773948837,31175.45,-165011,38111.55,914.0,2.687840023525956
2025-03-18,832.5,839.0,831.5,834.0,13437,34165,836.6,847.85,859.975,854.6916666666667,-8.152732739477415,-4.240679284942808,-3.9120534545346066,30.872483221476514,13.178571428571429,-70.19128189777099,30690.5,-151574,37701.65,-754.0,-2.159282911881788
2025-03-19,832.0,836.5,826.0,835.0,17488,34431,836.8,845.7,857.275,855.225,-8.58414422590647,-5.109372273135541,-3.4747719527709293,29.931972789115648,13.0,-69.63377857037027,30257.85,-134086,37291.7,266.0,0.7785745646128994
2025-03-20,835.0,844.0,833.0,842.0,21664,33346,837.4,843.85,854.525,855.8,-8.265915114408813,-5.740680841390196,-2.525234273018617,35.625,13.107142857142858,-46.942145681495724,29630.5,-112422,36769.9,-1085.0,-3.151229996224336
2025-03-21,841.0,849.0,836.5,843.5,27218,32054,837.4,842.2,851.95,856.3833333333333,-7.802733729453166,-6.1530914190027906,-1.6496423104503757,43.16546762589928,12.785714285714286,-34.81301874229822,29508.75,-85204,36172.6,-1292.0,-3.8745276794817984
2025-03-24,843.0,844.5,837.0,842.5,16217,32085,839.4,840.25,850.35,856.9166666666666,-7.430694368254763,-6.4086120088531855,-1.022082359401577,42.142857142857146,12.785714285714286,-38.137854874340086,28130.35,-101421,35628.3,31.0,0.09671179883945502
2025-03-25,840.0,846.5,835.0,835.5,13588,32021,839.7,838.15,848.775,857.025,-7.612934818959616,-6.649476570874472,-0.9634582480851437,35.81081081081081,11.535714285714286,-43.606015498915355,26004.7,-115009,35140.8,-64.0,-0.1994701573944213
2025-03-26,835.5,835.5,828.0,835.0,20847,32162,839.7,838.25,847.4,857.225,-7.708844746788714,-6.861350206057321,-0.8474945407313923,31.914893617021278,11.321428571428571,-64.3960204465961,25621.15,-135856,34704.25,141.0,0.4403360294806591
2025-03-27,832.5,837.5,830.5,833.0,9327,32112,837.9,837.65,845.825,857.2916666666666,-7.855681929597381,-7.060216550765333,-0.7954653788320476,31.25,11.071428571428571,-55.16971513554612,24355.6,-145183,34325.5,-50.0,-0.1554629687208542
2025-03-28,836.0,836.5,826.5,829.0,16000,33680,835.0,836.2,844.025,857.3833333333333,-8.2002901847369,-7.288231277559647,-0.9120589071772534,27.702702702702695,11.142857142857142,-63.19258641756843,24320.1,-161183,34097.9,1568.0,4.882909815645231
2025-03-31,828.0,828.5,817.0,821.5,21297,34697,830.8,835.1,842.45,857.475,-8.975122405319325,-7.6256095031115825,-1.349512902207743,26.973684210526315,11.428571428571429,-88.34205768448285,23270.0,-182480,33891.9,1017.0,3.019596199524943
2025-04-01,821.5,834.0,819.5,833.0,26437,31481,830.3,835.0,841.425,857.6166666666667,-8.562525171811899,-7.8129926368516465,-0.7495325349602524,49.23076923076923,10.678571428571429,-54.20058886712606,23564.5,-156043,33606.15,-3216.0,-9.268812865665621
2025-04-02,831.5,832.5,826.0,828.0,11625,31871,828.9,834.3,840.0,857.6916666666667,-8.54054699545361,-7.95850350857204,-0.5820434868815703,41.53846153846154,10.142857142857142,-49.573225455537084,20125.5,-167668,33451.45,390.0,1.238842476414348
2025-04-03,825.0,830.0,824.0,829.0,7544,31182,828.1,833.0,838.425,857.7166666666667,-8.3462273758513,-8.036048282027892,-0.31017909382340747,38.21138211382114,9.928571428571429,-50.52861363543295,19233.9,-160124,33313.5,-689.0,-2.161839917166075
2025-04-07,817.0,830.0,814.0,818.5,26365,29049,826.0,830.5,836.35,857.5416666666666,-8.936475794956777,-8.21613378461367,-0.7203420103431082,38.52459016393443,10.035714285714286,-78.65184524444386,19811.0,-186489,33132.3,-2133.0,-6.840484895131804
2025-04-08,819.5,826.0,816.5,818.5,17026,28046,825.4,828.1,834.175,857.3666666666667,-9.29708095756132,-8.4323232192032,-0.8647577383581204,36.97478991596639,10.178571428571429,-80.17176301836734,19886.8,-186489,32937.5,-1003.0,-3.452786670797614
2025-04-09,818.5,823.0,810.5,816.5,20225,28530,822.1,826.2,832.175,856.9666666666667,-9.633200888860415,-8.672498753134644,-0.9607021357257715,34.710743801652896,10.321428571428571,-100.62767929608299,20179.45,-206714,32757.65,484.0,1.7257362903800866
2025-04-10,820.0,828.5,820.0,822.5,19298,24601,821.0,824.95,831.6,856.5416666666666,-9.308130169634865,-8.799625036434689,-0.5085051332001758,33.61344537815127,10.392857142857142,-50.4095077478134,18619.2,-187416,32027.3,-3929.0,-13.771468629512796
2025-04-11,823.0,841.5,819.5,835.5,30601,25566,822.3,825.2,831.425,856.3083333333333,-7.910332538678745,-8.6217665368835,0.7114339982047557,44.366197183098585,11.071428571428571,6.17297285643569,18627.1,-156815,31500.15,965.0,3.922604772163729
2025-04-14,835.0,837.5,832.5,834.5,11940,25240,825.5,825.75,830.975,856.1,-6.804817784639795,-8.25837678643476,1.4535590017949644,44.366197183098585,10.892857142857142,26.817212001793944,18446.2,-168755,31061.9,-326.0,-1.2751310334037425
2025-04-15,834.0,836.0,826.0,828.5,11912,24762,827.5,826.45,830.775,855.5416666666666,-6.339758444186145,-7.874653117985037,1.5348946737988918,45.00000000000001,10.785714285714286,-3.6106707759254357,18002.8,-180667,30554.05,-478.0,-1.8938193343898568
2025-04-16,830.0,832.0,822.0,825.5,12211,25378,829.3,825.7,830.35,854.8083333333333,-6.14246399289982,-7.528215292967994,1.3857513000681738,43.44827586206897,10.964285714285714,-26.00203007997229,17941.5,-192878,30114.7,616.0,2.4876827396817625
2025-04-17,827.5,831.0,822.5,826.5,11751,25447,830.1,825.55,829.925,854.225,-5.838116898667977,-7.190195614107991,1.3520787154400145,45.45454545454546,11.071428571428571,-22.772742065822634,17654.65,-181127,29665.5,69.0,0.27188903774924
2025-04-18,827.0,828.0,820.0,822.0,10557,25844,827.4,824.85,828.925,853.675,-5.892111432832053,-6.930578777852804,1.0384673450207513,45.138888888888886,10.928571428571429,-41.36416893748899,17099.3,-191684,29290.4,397.0,1.5601053169332246
2025-04-21,822.5,823.0,811.5,811.5,23185,29932,822.8,824.15,827.325,852.7916666666666,-6.704875111361389,-6.885438044554522,0.18056293319313266,43.33333333333333,10.892857142857142,-90.12754445360362,16897.65,-214869,29184.3,4088.0,15.817984832069332
2025-04-22,810.0,810.0,790.5,793.0,41454,35476,815.7,821.6,824.85,851.6,-8.741030413783392,-7.256556518400296,-1.484473895383096,25.60975609756099,11.357142857142858,-155.0029789331994,18159.5,-256323,29353.85,5544.0,18.52198316183349
2025-04-23,798.0,803.0,792.5,798.5,26114,32687,810.3,819.8,823.0,850.5083333333333,-9.797949463672126,-7.764835107454663,-2.033114356217463,32.12121212121211,11.607142857142858,-123.81476610407094,18785.8,-230209,29387.15,-2789.0,-7.861652948472209
2025-04-24,797.0,797.5,784.0,793.0,29365,33488,803.6,816.85,820.9,849.45,-10.953108839355082,-8.402489853834746,-2.5506189855203356,29.310344827586206,12.214285714285714,-121.79465486861983,19211.7,-259574,29453.45,801.0,2.4505154954569175
2025-04-25,794.0,799.0,791.5,796.0,15428,31240,798.4,812.9,819.05,848.4333333333333,-11.494010243786306,-9.02079393182506,-2.473216311961247,35.84905660377359,11.607142857142858,-90.89251977574013,19516.75,-244146,29409.85,-2248.0,-6.712852365026278
2025-04-28,792.5,796.0,788.5,794.5,8208,30684,795.0,808.9,817.325,847.325,-11.906465643340312,-9.59792827412811,-2.3085373692122015,35.185185185185176,11.464285714285714,-86.78469797902835,19127.15,-252354,29260.05,-556.0,-1.7797695262483981
2025-04-29,793.5,797.0,785.0,787.0,11692,30364,793.8,804.75,815.6,845.9333333333333,-12.692218840787518,-10.216786387459992,-2.4754324533275263,32.94797687861271,11.428571428571429,-85.21736634724363,18646.9,-264046,29043.4,-320.0,-1.0428888019814897
2025-04-30,783.0,790.0,781.0,788.5,10581,28732,791.8,801.05,813.375,844.4916666666667,-13.043538652567804,-10.782136840481556,-2.2614018120862482,29.268292682926827,11.214285714285714,-83.12086763905327,17854.1,-253465,28905.95,-1632.0,-5.374785930707415
2025-05-06,784.0,793.0,783.0,789.5,12459,29253,791.1,797.35,811.45,843.1916666666667,-13.090372822451855,-11.243784036875615,-1.8465887855762393,17.14285714285714,10.357142857142858,-68.70800051305774,17895.8,-241006,28775.05,521.0,1.8133092022831754
2025-05-07,793.0,805.5,790.0,792.5,15261,28601,790.4,794.4,809.625,841.5666666666667,-12.738571983216161,-11.542741626143725,-1.1958303570724365,20.83333333333333,11.142857142857142,-42.24288962026673,18281.65,-225745,28646.0,-652.0,-2.2288312309848513
2025-05-08,793.0,797.0,779.0,780.0,20576,30980,787.5,791.25,807.7,839.7333333333333,-13.314926630730042,-11.897178627060988,-1.417748003669054,19.10828025477707,11.714285714285714,-65.75505899222534,17992.2,-246321,28742.55,2379.0,8.317890982832775
2025-05-09,780.5,788.5,780.5,784.5,12670,30711,787.0,790.4,806.0,837.8416666666667,-13.255775125155537,-12.168897926679898,-1.086877198475639,24.375,11.607142857142858,-61.13112506480411,17774.4,-233651,28875.8,-269.0,-0.8683021304067173
2025-05-12,790.5,810.0,787.0,804.0,29602,26650,790.1,790.95,805.375,836.3666666666667,-11.502812833036955,-12.035680907951312,0.5328680749143562,38.57868020304569,12.821428571428571,-15.539935537729905,18243.25,-204049,28781.8,-4061.0,-13.223275048028393
2025-05-13,804.0,805.0,784.0,788.0,22317,26761,789.8,790.45,803.65,834.6333333333333,-11.274676418037643,-11.883480009968578,0.6088035919309345,34.54545454545455,13.75,-33.767586538309914,18394.2,-226366,28889.8,111.0,0.4165103189493369
2025-05-14,794.5,796.0,789.0,794.0,16067,25484,790.1,790.25,801.575,833.2833333333333,-10.488818241977924,-11.604547656370448,1.1157294143925238,41.70616113744075,13.5,-28.138968425351564,17667.5,-210299,28885.7,-1277.0,-4.7718695116027
2025-05-15,792.0,797.5,786.5,788.0,11911,25820,791.7,789.6,799.25,831.8166666666667,-10.2322191782049,-11.330081960737338,1.097862782532438,47.31182795698925,12.785714285714286,-31.650323165558884,17666.05,-222210,28914.7,336.0,1.318474336838804
2025-05-16,788.0,794.0,779.5,783.0,15782,27405,791.4,789.2,796.975,830.0916666666667,-10.313433938175308,-11.126752356224934,0.8133184180496258,41.621621621621614,13.071428571428571,-45.65315866197742,17859.55,-237992,29046.85,1585.0,6.138652207591022
2025-05-19,780.0,785.5,775.5,783.0,16942,28310,787.2,788.65,794.85,828.3916666666667,-10.259531725181432,-10.953308230016233,0.6937765048348012,44.25287356321839,12.75,-58.06745336202267,18096.1,-237992,29193.45,905.0,3.3023170954205483
2025-05-20,780.5,785.0,775.5,776.5,10657,29482,784.9,787.35,792.35,826.5166666666667,-10.618901424685646,-10.886426868950117,0.26752544426447145,39.226519337016576,12.892857142857142,-67.72785082766356,18041.4,-248649,29395.2,1172.0,4.139879901095012
2025-05-21,777.0,783.0,774.0,780.0,11986,29866,782.1,786.1,790.25,824.5666666666667,-10.500243480710992,-10.809190191302294,0.30894671059130197,42.162162162162154,13.0,-72.1750522897189,18112.85,-236663,29596.3,384.0,1.302489654704564
2025-05-22,778.5,780.5,774.0,777.5,10041,30201,780.0,785.85,788.55,822.6083333333333,-10.487047160152997,-10.744761585072435,0.2577144249194383,44.57142857142856,12.607142857142858,-87.61560067193714,17455.65,-246704,29609.75,335.0,1.1216768231433694
2025-05-23,776.5,777.5,773.0,775.0,8758,29777,778.4,784.9,787.65,820.95,-10.556627853047303,-10.70713483866741,0.15050698562010645,42.37288135593221,12.285714285714286,-90.28099705515503,15820.85,-255462,29324.8,-424.0,-1.403927022284035
2025-05-26,770.0,772.5,762.5,763.5,14741,31678,774.5,780.85,785.9,819.225,-11.408218106989693,-10.847351492331866,-0.5608666146578276,36.86868686868687,12.464285714285714,-122.58640717309544,15252.2,-270203,29274.35,1901.0,6.384121973335133
2025-05-27,764.5,764.5,753.0,755.0,19309,31837,770.2,777.55,784.0,817.4333333333333,-12.623472942904641,-11.202575782446422,-1.4208971604582192,32.057416267942585,12.142857142857142,-130.90758942718975,14749.4,-289512,29191.8,159.0,0.5019256266178385
2025-05-28,754.0,761.0,748.5,758.0,19634,30481,765.8,773.95,782.1,815.6583333333333,-13.192422196765051,-11.600545065310149,-1.5918771314549023,38.421052631578945,11.75,-112.92269200600865,14959.7,-269878,29153.85,-1356.0,-4.259195275936801
2025-05-29,760.0,769.0,756.0,766.0,20871,29445,763.5,771.75,780.675,814.0083333333333,-12.849662527319538,-11.850368557712027,-0.9992939696075105,40.609137055837564,12.071428571428571,-71.18731350633604,15592.85,-249007,29091.9,-1036.0,-3.3988386207801535
2025-05-30,767.0,768.0,758.0,765.0,10714,28373,761.5,769.95,779.575,812.5416666666666,-12.51445580593247,-11.983186007356117,-0.5312697985763535,25.625,10.964285714285714,-63.713737429519256,15543.95,-259721,28992.35,-1072.0,-3.6406860247919837
2025-06-03,765.0,770.0,759.5,765.0,14963,28969,761.8,768.15,778.4,811.0666666666667,-12.109214576288082,-12.00839172114251,-0.10082285514557121,32.03125,10.214285714285714,-53.568010402308325,15763.05,-259721,29004.2,596.0,2.1005885877418695
2025-06-04,766.0,768.0,752.5,758.5,21347,28140,762.5,766.35,776.85,809.4333333333333,-12.17223965760627,-12.041161308435262,-0.13107834917100725,22.480620155038764,10.75,-65.33608643394602,16207.45,-281068,28948.55,-829.0,-2.861679726604305
2025-06-05,758.0,759.5,746.0,746.5,21697,30197,760.2,763.0,774.55,807.5333333333333,-13.0401682579826,-12.24096269834473,-0.7992055596378709,20.567375886524815,10.928571428571429,-86.61553520184162,16529.25,-302765,29028.35,2057.0,7.309879175550815
2025-06-06,750.0,776.5,749.5,768.5,45492,28894,760.7,762.1,773.975,806.0083333333333,-11.816577637103592,-12.156085686096503,0.3395080489929114,41.714285714285715,12.035714285714286,-33.20145084468247,17775.05,-257273,28924.05,-1303.0,-4.314998178627016
2025-06-09,765.5,776.0,764.5,772.0,26887,29328,762.1,761.8,773.35,804.5083333333333,-10.444059884140415,-11.813680525705287,1.3696206415648717,43.95604395604395,12.142857142857142,-9.76945717813898,18485.9,-230386,28854.9,434.0,1.5020419464248702
2025-06-10,776.0,788.5,766.5,771.0,34225,23859,763.3,762.55,771.7,803.0833333333334,-9.329476916614908,-11.316839803887213,1.9873628872723046,46.78362573099415,13.035714285714286,12.056698276426598,18717.05,-264611,28715.35,-5469.0,-18.64770867430442
2025-06-11,772.0,772.0,763.0,765.0,19343,23389,764.6,763.55,770.55,801.9333333333333,-8.828541806255998,-10.81918020436097,1.9906383981049718,41.477272727272734,13.035714285714286,-18.76563391738113,18568.35,-283954,28546.75,-470.0,-1.969906534221888
2025-06-12,766.0,766.0,756.5,765.0,14867,22180,768.3,764.25,769.1,800.7,-8.33546111516273,-10.322436386521321,1.9869752713585918,42.69005847953216,13.25,-33.20699083758277,18508.35,-283954,28381.55,-1209.0,-5.169096583864208
2025-06-13,765.0,772.5,764.0,767.5,15211,20998,768.1,764.4,768.075,799.4333333333333,-7.654723125102123,-9.788893734237481,2.1341706091353583,45.614035087719294,13.535714285714286,-2.01530157456104,18673.35,-268743,28140.45,-1182.0,-5.329125338142471
2025-06-16,770.0,792.5,770.0,792.0,29796,21987,772.1,767.1,768.525,798.7583333333333,-5.079732128614751,-8.847061413112936,3.767329284498185,64.46700507614213,14.428571428571429,89.23857927408373,19374.05,-238947,27869.55,989.0,4.709972378321736
2025-06-17,790.0,807.0,786.5,793.0,47147,24075,776.5,769.9,769.025,798.075,-2.9246282752002344,-7.6625747855303965,4.737946510330162,70.87912087912088,15.071428571428571,123.43664106254984,20884.3,-191800,27657.8,2088.0,9.496520671305774
2025-06-18,797.0,806.0,792.0,795.5,32071,23403,782.6,773.6,769.975,797.4166666666666,-1.0033972985911532,-6.330739288142548,5.327341989551395,70.7182320441989,15.178571428571429,112.82015382563563,21955.0,-159729,27353.85,-672.0,-2.791277258566982
2025-06-19,797.0,801.0,790.0,798.0,21160,22957,789.2,778.75,770.875,796.6833333333333,0.7127055725252376,-4.922050316008991,5.634755888534229,68.82352941176471,15.035714285714286,93.9765899413832,22413.7,-138569,27008.4,-446.0,-1.9057385805238636
2025-06-20,798.0,812.0,795.0,812.0,23823,22123,798.1,783.1,772.6,796.1583333333333,3.1659177299808334,-3.304456706811026,6.470374436791859,73.9795918367347,15.535714285714286,108.57278786378913,23102.8,-114746,26604.5,-834.0,-3.6328788604782836
2025-06-23,814.0,824.0,812.0,819.0,26899,21945,803.5,787.8,774.8,795.7666666666667,5.6102757709505795,-1.5215102112587051,7.131785982209284,75.71428571428571,15.642857142857142,116.95821494155778,24009.85,-87847,26212.9,-178.0,-0.8045925055372272
2025-06-24,816.0,818.5,802.5,806.5,21892,19852,806.2,791.35,776.95,795.2833333333333,6.46428533842311,0.07564889867765778,6.3886364397454525,71.62162162162161,15.714285714285714,80.7156535531073,24367.4,-109739,25621.6,-2093.0,-9.537480063795856
2025-06-25,806.5,813.0,801.0,811.0,10998,18219,809.3,795.95,779.75,794.8833333333333,7.418688442985058,1.5442568075391379,5.87443163544592,81.15942028985506,15.607142857142858,70.0648617739873,23951.85,-98741,24940.7,-1633.0,-8.225871448720534
2025-06-26,807.0,821.0,807.0,818.0,12203,15787,813.3,801.25,782.75,794.6333333333333,8.640301263448237,2.9634656987209578,5.676835564727279,77.96610169491525,14.464285714285714,77.03066075351404,23580.3,-86538,24206.0,-2432.0,-13.348701904605086
2025-06-27,820.0,822.0,812.0,819.0,12440,10984,814.7,806.4,785.4,794.4666666666667,9.578712433173678,4.286515045611502,5.292197387562176,77.32558139534883,14.357142857142858,73.03671714011513,23158.75,-74098,23282.95,-4803.0,-30.423766390067776
2025-06-30,792.0,797.5,785.0,786.0,20825,22033,808.1,805.8,786.45,793.875,7.5722971110704975,4.943671458703301,2.6286256523671963,56.35593220338983,15.214285714285714,7.694036613049057,23664.3,-94923,22965.95,11049.0,100.59176984705024
2025-07-01,784.0,789.0,778.0,787.0,20259,22081,804.2,805.2,787.55,793.1083333333333,5.993797390208215,5.153696645004285,0.8401007452039302,59.73451327433629,15.357142857142858,-5.734986809564799,23929.1,-74664,22621.55,48.0,0.21785503562836706
2025-07-02,789.5,797.0,784.5,793.0,16377,20917,800.6,804.95,789.275,792.525,5.167408179957647,5.156438951994958,0.010969227962688954,61.76470588235294,15.571428571428571,6.852362182628335,23680.6,-58287,22260.4,-1164.0,-5.2715003849463375
2025-07-03,793.0,798.5,790.0,792.5,13001,21543,795.5,804.4,791.575,791.9166666666666,4.4211783636079645,5.00938683431756,-0.5882084707095956,60.68376068376069,15.571428571428571,7.669463709202518,23245.8,-71288,21827.7,626.0,2.992780991537991
2025-07-04,796.0,798.0,791.0,795.0,8504,21389,790.7,802.7,792.9,791.525,3.9855717740050522,4.804623822255059,-0.8190520482500068,51.57894736842105,14.285714285714286,6.710311500782065,21396.4,-62784,21452.45,-154.0,-0.7148493710253945
2025-07-07,791.0,794.5,785.0,787.0,16427,21713,790.9,799.5,793.65,791.0,2.9606883003959865,4.4358367178832445,-1.475148417487258,47.05882352941176,13.535714285714286,-13.355467735327963,20873.4,-79211,21071.7,324.0,1.5147973257281677
2025-07-08,785.0,791.5,782.0,785.5,15821,21351,790.6,797.4,794.375,790.4833333333333,2.0043187606692072,3.9495331264404374,-1.9452143657712302,45.04950495049505,13.214285714285714,-23.210700392993175,19953.2,-95032,20946.3,-362.0,-1.667203979182974
2025-07-09,785.0,787.0,780.5,783.5,12198,20962,788.7,794.65,795.3,789.8333333333334,1.0726409872573868,3.3741546986038276,-2.301513711346441,42.7860696517413,12.892857142857142,-36.64305377648423,19595.95,-107230,20824.95,-389.0,-1.8219287152826613
2025-07-10,785.0,788.5,781.5,787.0,16978,22625,787.6,791.55,796.4,789.025,0.6096724640743787,2.821258251697938,-2.211585787623559,36.111111111111114,12.178571428571429,-38.54818193866608,19701.5,-90252,20847.2,1663.0,7.933403301211706
2025-07-11,787.0,794.0,784.5,786.0,19988,22238,785.8,788.25,797.325,788.2166666666667,0.16022792352839588,2.2890521860640294,-2.1288242625356335,30.35714285714286,12.0,-37.31434162476126,19940.35,-110240,20909.2,-387.0,-1.7104972375690641
2025-07-14,787.5,789.5,783.0,788.0,10698,22708,786.0,788.45,797.125,787.5416666666666,-0.034182789703095295,1.8244051909106045,-1.8585879806136998,37.414965986394556,11.285714285714286,-43.87843105120718,18985.45,-99542,20945.25,470.0,2.1134994154150544
2025-07-15,786.5,793.5,785.5,790.0,16985,21885,786.9,788.75,796.975,786.95,-0.0265651685630246,1.4542111190158789,-1.4807762875789034,35.21126760563381,11.0,-29.989116516044895,17477.35,-82557,20835.75,-823.0,-3.6242733838294905
2025-07-16,788.0,797.0,787.0,797.0,20361,24434,789.6,789.15,797.05,786.4583333333334,0.5381103484960477,1.2709909649119127,-0.732880616415865,35.21126760563381,10.714285714285714,-11.837128644804471,16891.85,-62196,20887.3,2549.0,11.64724697281243
2025-07-17,799.5,834.0,799.5,833.0,68470,34390,798.8,793.2,798.8,786.6416666666667,3.8461825017647016,1.7860292722824704,2.060153229482231,56.60377358490566,12.642857142857142,94.32965186598472,19257.35,6274,21458.95,9956.0,40.74650077760498
2025-07-18,838.0,846.5,824.0,828.5,59796,33765,807.3,796.55,799.625,786.925,6.035171425245608,2.6358577028750982,3.3993137223705094,77.41935483870968,11.821428571428571,112.48704652246641,21056.0,-53522,22041.05,-625.0,-1.8173887758069163
2025-07-21,838.0,856.5,832.0,838.0,48961,30700,817.3,801.65,800.575,787.675,8.439249112585458,3.7965359848171705,4.642713127768287,79.65116279069767,13.035714285714286,120.12597559827383,22159.1,-4561,22478.8,-3065.0,-9.07744706056568
2025-07-22,843.5,846.5,835.0,838.0,21852,28436,826.9,806.9,802.15,788.3333333333334,10.226611983149837,5.082551184483704,5.144060798666133,78.125,12.964285714285714,97.57499196361698,22157.1,-4561,22908.0,-2264.0,-7.374592833876226
2025-07-23,841.5,848.5,812.5,823.0,35666,25137,832.1,810.85,802.75,788.8333333333334,10.31384372523712,6.128809692634388,4.185034032602733,66.13756613756614,14.928571428571429,62.09115196964188,23390.5,-40227,23253.9,-3299.0,-11.601491067660707
2025-07-24,824.0,835.0,818.5,827.5,21217,24533,831.0,814.9,803.225,789.3583333333333,10.623625361057748,7.02777282631906,3.595852534738688,66.83937823834196,15.607142857142858,56.69154242605308,23841.2,-19010,23691.2,-604.0,-2.4028324780204446
2025-07-25,829.0,833.5,822.0,830.0,16577,24369,831.3,819.3,803.775,789.95,10.944695014637318,7.811157263982713,3.1335377506546056,73.62637362637363,15.714285714285714,57.538618611854055,24048.05,-2433,24360.45,-164.0,-0.6684873435780392
2025-07-28,820.5,842.5,814.0,831.0,42901,24197,829.9,823.6,806.025,790.6833333333333,11.151291523685245,8.47918411592322,2.6721074077620255,75.13812154696133,17.071428571428573,53.38575907626942,25151.85,40468,24468.65,-172.0,-0.7058147646600177
2025-07-29,828.0,838.5,823.5,830.0,20970,23148,828.3,827.6,808.175,791.375,11.106302560418726,9.00460780482232,2.101694755596405,75.97765363128491,17.678571428571427,51.38186388294158,25187.4,19498,24522.0,-1049.0,-4.335248171260897
2025-07-30,835.5,835.5,825.0,825.0,13700,22659,828.7,830.4,809.775,791.9666666666667,10.5456268477692,9.312811613411696,1.2328152343575027,70.87912087912088,17.928571428571427,42.05644625235451,25053.55,5798,24609.1,-489.0,-2.112493519958525
2025-07-31,824.0,830.0,819.0,821.5,17804,21905,827.5,829.25,811.225,792.45,9.706970641587759,9.39164341904691,0.31532722254084966,68.98395721925132,18.035714285714285,27.48669116989393,25293.7,-12006,24627.2,-754.0,-3.327596098680441
2025-08-01,822.0,825.0,813.0,821.5,18880,19584,825.8,828.55,812.55,793.1416666666667,8.939283065330642,9.301171348303656,-0.36188828297301434,68.30601092896174,18.428571428571427,16.430070389582973,25812.5,-12006,24536.95,-2321.0,-10.595754393973976
2025-08-04,820.0,847.5,819.0,842.0,35596,24236,828.0,828.95,815.3,794.1,9.871273903700967,9.415191859383118,0.45608204431784927,73.63636363636363,19.892857142857142,49.24749837375855,26770.95,23590,24663.1,4652.0,23.754084967320253
2025-08-05,841.5,841.5,825.5,829.0,23985,22705,827.8,828.05,817.475,794.5166666666667,9.45193596904869,9.422540681316233,0.029395287732457476,63.793103448275865,20.357142857142858,35.504802852215114,27179.15,-395,24730.8,-1531.0,-6.317049017989762
2025-08-06,829.0,836.0,826.0,832.5,11435,22335,829.3,829.0,819.925,795.2583333333333,9.294882761340432,9.397009097321074,-0.10212633598064258,49.70059880239521,18.428571428571427,30.546536535356246,27141.0,11040,24799.45,-370.0,-1.6295970050649644
2025-08-07,835.0,840.5,827.0,832.5,13917,21314,831.5,829.5,822.2,795.9,9.06591078651104,9.330789435159069,-0.264878648648029,52.531645569620245,17.785714285714285,31.709681302798014,26987.95,11040,24733.9,-1021.0,-4.571300649205279
2025-08-08,831.5,835.5,823.5,830.5,13036,20650,833.3,829.55,824.425,796.6083333333333,8.62365740695509,9.189363029518272,-0.5657056225631827,44.75524475524475,16.642857142857142,17.720165668992824,26640.35,-1996,24654.5,-664.0,-3.1153232617059157
2025-08-11,833.5,840.0,830.5,832.5,14082,19246,831.4,829.7,826.65,797.4333333333333,8.338431455371847,9.019176714688987,-0.6807452593171401,46.25850340136054,16.5,29.293525708877496,26809.55,12086,24481.4,-1404.0,-6.799031476997575
2025-08-12,833.0,835.5,821.5,824.5,15736,18057,830.5,829.15,828.375,798.125,7.381762331420646,8.69169383803532,-1.3099315066146744,51.127819548872175,14.928571428571429,-6.863535130038793,26747.1,-3650,24290.0,-1189.0,-6.177907097578716
2025-08-13,821.5,822.5,809.5,813.0,13356,16984,826.6,827.95,829.175,798.7333333333333,5.630733674975431,8.079501805423343,-2.4487681304479114,40.136054421768705,14.821428571428571,-113.57941227047418,26396.85,-17006,23917.5,-1073.0,-5.942293847261448
2025-08-14,812.5,816.0,805.0,809.5,14684,17607,822.0,826.75,828.0,799.225,3.9154749421483075,7.246696432768337,-3.3312214906200293,36.241610738255034,14.785714285714286,-123.76886269165755,23707.55,-31690,23078.35,623.0,3.6681582666038715
2025-08-15,809.0,818.0,803.5,815.0,14413,18555,818.9,826.1,827.325,799.85,2.9657369042678283,6.390504527068235,-3.424767622800407,39.87341772151899,13.785714285714286,-93.82155908191376,21438.4,-17277,22317.85,948.0,5.3842221843585
2025-08-18,817.0,820.0,810.5,811.0,14986,17450,814.6,823.0,825.975,800.45,1.8687542602958729,5.486154473713763,-3.6174002134178904,38.41463414634147,13.392857142857142,-76.73497122228962,19739.65,-32263,21655.35,-1105.0,-5.95526812180005
2025-08-19,809.5,816.5,807.0,810.5,10001,16337,811.8,821.15,824.6,801.2333333333333,0.9481125391178011,4.578546086794571,-3.6304335476767697,40.645161290322584,13.321428571428571,-82.81928191511459,19147.1,-42264,21050.4,-1113.0,-6.378223495702007
2025-08-20,805.5,810.5,802.0,805.5,11700,13802,810.3,818.45,823.725,802.075,-0.1828530548435765,3.6262662584669414,-3.809119313310518,39.87341772151899,13.142857142857142,-96.73427135279285,17948.8,-53964,20483.65,-2535.0,-15.51692477198996
2025-08-21,804.0,812.0,803.0,804.5,6681,12977,809.3,815.65,822.575,802.85,-1.1466254939319924,2.6716879079871547,-3.818313401919147,39.375,12.928571428571429,-81.9255524761089,17222.0,-60645,19905.85,-825.0,-5.977394580495576
2025-08-22,804.0,807.5,797.5,801.0,6679,11970,806.5,812.7,821.125,803.4333333333333,-2.1678531827456027,1.7037796898406032,-3.871632872586206,17.460317460317455,11.607142857142858,-89.39176557191679,16727.1,-67324,19285.9,-1007.0,-7.759882869692536
2025-08-25,804.5,812.0,800.0,803.5,8532,8946,805.0,809.8,819.75,804.075,-2.7438252673402985,0.8142586984044229,-3.5580839657447214,25.714285714285722,11.285714285714286,-66.86479870138625,15008.65,-58792,18523.35,-3024.0,-25.263157894736842
2025-08-26,818.0,826.0,815.0,823.0,7574,12693,807.5,809.65,819.4,805.0416666666666,-1.60826122800745,0.32975471312204835,-1.9380159411294984,43.065693430656935,12.178571428571429,6.0390860245253934,14338.85,-51218,18000.6,3747.0,41.88464118041584
2025-08-27,821.5,825.5,813.5,814.5,9628,858,809.3,809.8,818.875,805.975,-1.3783092173848672,-0.011858072979334777,-1.3664511444055325,38.311688311688314,12.071428571428571,-7.346789576471481,14135.25,-60846,16910.55,-11835.0,-93.24036870716142
2025-08-28,815.0,823.0,810.0,821.5,10511,14529,812.7,811.0,818.875,807.225,-0.624035599747458,-0.13429357833295943,-0.48974202141449863,44.51219512195122,12.142857142857142,-4.6364804384489835,13770.6,-50335,16541.75,13671.0,1593.3566433566434
2025-08-29,819.0,824.5,818.0,820.0,6608,400,816.5,811.5,818.8,808.0833333333334,-0.14562708906566968,-0.13656028047950147,-0.009066808586168207,42.331288343558285,11.928571428571429,7.293164502083701,13157.0,-56943,15582.55,-14129.0,-97.24688553926629
2025-09-01,820.0,823.0,816.0,818.5,6386,100,819.5,812.25,817.625,808.8583333333333,0.1111958419705843,-0.08700905598948433,0.19820489796006863,46.0,11.428571428571429,3.831939349297294,11696.5,-63329,14375.75,-300.0,-75.0
2025-09-02,820.0,821.0,810.0,810.5,11543,13985,817.0,812.25,816.7,809.5166666666667,-0.32703343818013764,-0.135013932427615,-0.19201950575252263,48.25174825174825,11.142857142857142,-18.68789255646672,11074.4,-74872,13939.75,13885.0,13885.0
2025-09-03,810.5,810.5,796.5,798.5,13965,110,813.8,811.55,815.0,810.075,-1.6239135472648059,-0.43279385539505316,-1.1911196918697526,43.125,11.357142857142858,-72.57659563693605,11200.9,-88837,12828.5,-13875.0,-99.21344297461566
2025-09-04,797.0,799.0,791.5,797.0,9929,110,808.9,810.8,813.225,810.6083333333333,-2.741139689171405,-0.8944630221503236,-1.8466766670210812,38.15789473684211,10.857142857142858,-92.81942203155943,11001.5,-98766,11768.3,0.0,0.0
2025-09-05,796.0,803.0,792.5,800.0,7671,108,804.9,810.7,811.7,811.15,-3.34590501756918,-1.3847514212340948,-1.9611535963350852,42.666666666666664,10.928571428571429,-72.36050800632228,10733.25,-91095,10741.2,-2.0,-1.8181818181818188
2025-09-08,800.0,814.0,796.0,807.5,13596,106,802.7,811.1,810.45,811.4083333333333,-3.183303437053837,-1.7444618243980432,-1.438841612655794,48.17073170731708,11.535714285714286,-31.734053469206334,10708.95,-77499,9784.2,-2.0,-1.851851851851849
2025-09-09,806.0,810.0,801.5,805.5,6466,15092,801.7,809.35,809.5,811.6166666666667,-3.179176233663725,-2.0314047062511795,-1.1477715274125453,50.0,11.535714285714286,-29.20355612836472,10245.45,-83965,9635.95,14986.0,14137.735849056602
2025-09-10,803.0,808.0,801.0,806.5,4145,14650,803.3,808.55,809.175,811.8,-3.0599406613932842,-2.2371118972796005,-0.8228287641136838,51.265822784810126,11.392857142857142,-29.3344237011769,9784.9,-79820,9519.25,-442.0,-2.9287039491121103
2025-09-11,807.0,808.5,802.0,804.5,3837,480,804.8,806.85,808.925,811.9083333333333,-3.091195518886366,-2.407928621600954,-0.6832668972854119,52.25806451612903,11.142857142857142,-28.46824689860753,9242.55,-83657,8662.9,-14170.0,-96.7235494880546
2025-09-12,803.0,806.0,797.0,798.0,6528,480,804.4,804.65,808.075,811.675,-3.5989741620061295,-2.646137729681989,-0.9528364323241405,46.625766871165645,10.928571428571429,-53.85101809825282,8848.3,-90185,7759.15,0.0,0.0
2025-09-15,798.5,806.5,794.5,804.5,8991,490,803.8,803.25,807.75,811.4333333333333,-3.4372739631738796,-2.8043649763803673,-0.6329089867935123,36.496350364963504,10.178571428571429,-40.10791361087193,8548.55,-81194,6911.15,10.0,2.083333333333326
2025-09-16,806.0,813.0,802.0,806.5,8052,481,804.0,802.85,807.55,811.4333333333333,-3.111870400406019,-2.865866061185498,-0.24600433922052112,43.54838709677419,10.107142857142858,-4.708314341523561,8451.1,-73142,6118.35,-9.0,-1.8367346938775508
2025-09-17,806.5,811.5,804.0,809.0,6548,471,804.5,803.9,807.725,811.4,-2.6220314791444252,-2.8170991447772833,0.19506766563285804,39.130434782608695,9.714285714285714,1.0182365230430774,8193.5,-66594,5451.8,-10.0,-2.079002079002079
2025-09-18,809.0,811.0,801.5,801.5,6311,446,803.9,804.35,807.575,811.125,-2.806664444205694,-2.815012204662966,0.008347760457271924,35.43307086614173,9.928571428571429,-20.82171851646367,8175.0,-72905,4825.25,-25.0,-5.307855626326963
2025-09-19,800.0,808.0,800.0,805.0,5117,441,805.3,804.85,807.775,810.8916666666667,-2.6401328419693755,-2.780036332124248,0.13990349015487258,39.69465648854962,10.0,-23.93793807586568,8096.9,-67788,4248.8,-5.0,-1.1210762331838597
2025-09-22,805.0,813.5,801.0,807.5,9368,12983,805.9,804.85,807.975,811.25,-2.280142181049314,-2.6800575019092614,0.3999153208599475,47.5,10.107142857142858,-5.248129055833925,8138.7,-58420,4450.65,12542.0,2843.9909297052154
2025-09-23,808.0,811.5,803.5,805.0,7666,12621,805.6,804.8,807.075,811.55,-2.171543889091595,-2.5783547793457284,0.40681089025413364,56.43564356435643,9.678571428571429,-5.260322710171142,8143.3,-66086,4447.05,-362.0,-2.7882615728260007
2025-09-24,807.0,808.0,802.0,803.0,4911,12678,804.4,804.45,806.5,811.7166666666667,-2.221256977853045,-2.506935219047192,0.28567824119414675,55.88235294117647,9.571428571428571,-18.091642510042128,7907.45,-70997,5038.05,57.0,0.45162823864985935
2025-09-25,804.0,808.0,802.0,807.5,5480,12370,805.6,804.75,805.8,811.9666666666667,-1.8759181502118736,-2.3807318052801287,0.5048136550682552,57.14285714285714,9.25,-2.336652271828159,7655.9,-65517,4930.1,-308.0,-2.429405268969864
2025-09-26,806.0,810.0,805.0,808.5,5939,11702,806.3,805.8,805.225,812.1916666666667,-1.5042034772714032,-2.2054261396783836,0.7012226624069804,51.086956521739125,8.321428571428571,23.634071361136364,7622.45,-59578,5495.2,-668.0,-5.40016168148747
2025-09-29,808.5,813.0,805.0,810.5,6835,11001,806.9,806.4,804.825,812.5833333333334,-1.0362879531467115,-1.9715985023720493,0.9353105492253377,55.434782608695656,8.285714285714286,56.81296379814715,7644.9,-52743,6040.25,-701.0,-5.990428986498031
2025-09-30,811.5,830.0,808.0,817.0,19945,9559,809.3,807.45,805.15,813.1083333333333,-0.13935940344049413,-1.6051506825857385,1.4657912791452443,60.19417475728156,9.357142857142858,143.18680084530453,8065.0,-32798,5818.95,-1442.0,-13.107899281883462
2025-10-09,820.0,833.0,819.5,828.5,11084,10078,814.4,809.4,806.65,813.8583333333333,1.4823294534910474,-0.9876546553703814,2.469984108861429,69.67213114754098,10.035714285714286,155.2480218996598,7920.95,-21714,6317.35,519.0,5.429438225755834
2025-10-10,830.0,832.0,821.0,821.0,7383,9354,817.1,811.35,807.85,814.425,2.1377001595941465,-0.36258369237747584,2.500283851971622,68.54838709677419,10.178571428571429,115.06663542596766,7793.65,-29097,6779.55,-724.0,-7.183965072435006
2025-10-13,818.0,821.5,792.0,803.0,13031,7635,816.0,811.15,808.0,814.7083333333334,1.1909085457479023,-0.051885244752400195,1.2427937905003024,48.9795918367347,11.428571428571429,-19.794447651750566,8061.65,-42128,7155.9,-1719.0,-18.37716484926235
2025-10-14,800.0,802.5,785.5,787.5,12063,6655,811.4,809.15,807.0,814.7,-0.8009185995248345,-0.20169191570688708,-0.5992266838179474,39.080459770114935,11.892857142857142,-99.91919520933676,7985.0,-54191,7483.35,-980.0,-12.83562540929928
2025-10-15,790.0,796.0,788.0,793.0,8061,5988,806.6,807.95,806.375,814.75,-1.913593216481786,-0.5440721758618668,-1.3695210406199192,41.111111111111114,11.964285714285714,-84.92742317012286,8064.75,-46130,7028.15,-667.0,-10.022539444027046
2025-10-16,798.0,799.5,790.0,797.0,4826,5128,800.3,807.35,805.9,814.75,-2.4444511845650823,-0.92414797760251,-1.5203032069625722,47.398843930635834,11.964285714285714,-61.02129769696905,8098.8,-41304,6552.05,-860.0,-14.362057448229793
2025-10-17,823.5,836.5,823.0,835.5,12081,14247,803.2,810.15,807.45,814.7916666666666,0.2387165177578936,-0.6915750785304293,0.9302915962883229,62.55144032921811,14.214285714285714,113.29190933038096,8511.0,-29223,7240.4,9119.0,177.82761310452418
2025-10-20,836.0,838.0,830.0,834.5,10085,15635,809.5,812.75,809.275,814.8916666666667,2.258420939603525,-0.10157587490363851,2.3599968145071633,61.25,13.892857142857142,103.65354941166345,8688.85,-39308,7998.15,1388.0,9.742401909173859
2025-10-21,835.0,840.5,833.0,838.0,9316,17105,819.6,815.5,810.95,814.8916666666667,4.094275732335973,0.7375944465442837,3.356681285791689,63.63636363636363,13.857142857142858,97.72716297819831,8705.1,-29992,8828.9,1470.0,9.401982731052128
2025-10-22,839.5,839.5,828.5,831.5,8878,17459,827.3,816.95,812.2,814.7833333333333,4.967446572997233,1.5835648718348736,3.383881701162359,61.35458167330677,14.214285714285714,73.2032092727425,8746.4,-38870,9677.8,354.0,2.069570301081547
2025-10-23,832.0,834.0,826.0,828.5,11925,18095,833.6,816.95,813.175,814.875,5.35562946442144,2.3379777903521872,3.017651674069253,58.467741935483865,14.357142857142858,54.678576738927674,9015.25,-50795,10559.0,636.0,3.6428203218970223
2025-10-24,830.0,833.5,826.0,829.0,11296,18767,832.3,817.75,814.55,814.9,5.638614584888501,2.99810514925945,2.640509435629051,58.29959514170041,14.535714285714286,49.54197171294363,9264.5,-39499,11475.05,672.0,3.7137330754352105
2025-10-27,828.0,829.5,780.0,787.0,58277,16570,822.8,816.15,813.65,814.1833333333333,2.44564150736403,2.887612420880366,-0.4419709135163359,42.81345565749235,17.5,-52.05282129489193,11922.5,-97776,12281.5,-2197.0,-11.706719241221297
2025-10-28,789.0,791.5,785.0,786.0,16104,16598,812.4,816.0,812.575,813.4333333333333,-0.16361821442717428,2.277366293818858,-2.440984508246032,40.18987341772152,16.392857142857142,-80.42284103159515,12259.3,-113880,12462.25,28.0,0.16898008449004465
2025-10-29,786.5,790.5,786.0,787.0,6445,16639,803.5,815.4,811.675,812.7166666666667,-2.126273344441074,1.3966383661668715,-3.5229117106079455,35.932203389830505,15.571428571428571,-72.2831336330617,12198.25,-107435,12663.15,41.0,0.24701771297745978
2025-10-30,788.0,791.0,785.5,786.0,7691,16535,795.0,814.3,810.825,812.0666666666667,-3.719507154629241,0.373409262007649,-4.09291641663689,37.5886524822695,15.178571428571429,-67.56055013815299,12337.25,-115126,12856.0,-104.0,-0.6250375623535032
2025-10-31,785.0,796.5,783.0,787.5,10921,15691,786.7,809.5,809.825,811.5,-4.805721596746707,-0.6624169097432223,-4.143304687003485,43.77510040160642,14.035714285714286,-58.82927457983173,12609.3,-104205,13022.05,-844.0,-5.104324160870877
2025-11-03,788.0,788.0,773.5,782.0,18740,16934,785.7,804.25,808.5,810.8416666666667,-6.040724688471073,-1.7380784654887926,-4.302646222982281,47.598253275109165,13.821428571428571,-71.83730713515452,13249.35,-122945,13283.65,1243.0,7.921738576253912
2025-11-04,785.0,785.5,775.0,776.5,5906,17707,783.8,798.1,806.8,809.75,-7.378225974711427,-2.8661079673333196,-4.512118007378107,42.79475982532751,13.964285714285714,-69.42552908358766,13202.9,-128851,13618.95,773.0,4.564780914137234
2025-11-05,775.0,780.5,775.0,778.5,4366,17656,782.1,792.8,804.875,808.9083333333333,-8.182499336014075,-3.9293862410694707,-4.253113094944604,41.77777777777778,13.678571428571429,-64.28573677247574,12423.95,-124485,14023.8,-51.0,-0.28802168633873526
2025-11-06,777.0,781.0,776.5,779.0,4488,17745,780.7,787.85,802.4,808.0166666666667,-8.679494142322369,-4.879407821320051,-3.8000863210023184,12.080536912751683,11.178571428571429,-56.28097293455848,12094.15,-119997,14407.15,89.0,0.5040779338468582
2025-11-07,780.5,780.5,775.0,778.5,3649,18027,778.9,782.8,800.275,807.1166666666667,-9.009851963306687,-5.705496649717379,-3.3043553135893085,12.162162162162161,11.0,-52.57624627171844,11907.45,-123646,14840.8,282.0,1.5891800507185083
2025-11-10,778.0,785.0,772.5,782.5,7899,17161,779.0,782.35,799.25,806.3166666666667,-8.846914621191218,-6.3337802440121465,-2.513134377179071,12.75167785234899,11.357142857142858,-44.23952966769428,11650.85,-115747,15317.1,-866.0,-4.8039052532312665
2025-11-11,781.0,784.5,776.5,776.5,4191,17400,779.0,781.4,798.7,805.3833333333333,-9.097070098209656,-6.886438214851649,-2.2106318833580065,12.837837837837839,11.142857142857142,-43.87735186390465,11257.25,-119938,15854.35,239.0,1.3926927335236927
2025-11-12,778.0,780.0,773.5,778.5,4277,17794,779.0,780.55,797.975,804.6166666666667,-9.029846382503706,-7.315119848382062,-1.7147265341216444,15.753424657534254,11.035714285714286,-45.2828733009839,11068.05,-115661,16444.65,394.0,2.264367816091961
2025-11-13,776.5,784.5,776.5,783.5,6473,17582,779.9,780.3,797.3,804.125,-8.475413598033242,-7.547178598312298,-0.928234999720944,20.64516129032259,11.071428571428571,-34.493914783941804,11150.4,-109188,17067.35,-212.0,-1.1914128357873421
2025-11-14,778.0,791.0,778.0,788.5,7402,15964,781.9,780.4,794.95,803.775,-7.545582629025944,-7.546859404455027,0.0012767754290834432,51.85185185185185,8.464285714285714,-21.727558988142803,10916.45,-101786,17153.2,-1618.0,-9.202593561597084
2025-11-17,786.0,794.0,786.0,789.0,5986,15155,783.2,781.1,792.675,803.3416666666667,-6.691206996567075,-7.375728922877437,0.6845219263103619,53.75,8.571428571428571,-9.073584249630311,10711.5,-95800,17129.2,-809.0,-5.067652217489349
2025-11-18,792.0,792.5,782.5,785.0,4228,14296,784.9,781.95,790.025,802.9083333333333,-6.264659626446132,-7.153515063591177,0.888855437145045,47.67441860465116,8.964285714285714,-11.760936358787141,10457.1,-100028,16988.75,-859.0,-5.668096337842298
2025-11-19,784.0,784.0,775.0,775.5,5620,15417,784.3,781.65,787.225,802.325,-6.616912716790694,-7.046194594231081,0.4292818774403875,39.80582524271844,9.285714285714286,-32.88150671429275,10294.2,-105648,16886.65,1121.0,7.841354224958019
2025-11-20,775.0,777.0,768.0,772.0,6911,16689,782.0,780.95,784.4,801.7666666666667,-7.0966903492055735,-7.05629374522598,-0.04039660397959377,35.51401869158879,8.964285714285714,-53.80065161769587,10043.5,-112559,16816.35,1272.0,8.250632418758519
2025-11-21,772.0,774.5,768.0,768.5,5008,17585,778.0,779.95,781.375,801.1666666666666,-7.67091282076467,-7.1792175603337185,-0.49169526043095146,36.893203883495154,8.392857142857142,-89.70833188429053,9729.1,-117567,16757.25,896.0,5.368805800227694
2025-11-24,766.0,770.0,764.0,768.0,8506,16579,773.8,778.5,780.425,800.6166666666667,-8.07327045152158,-7.358028138571291,-0.7152423129502887,40.86021505376344,8.071428571428571,-106.62031997672698,7240.55,-126073,16757.7,-1006.0,-5.720784759738418
2025-11-25,766.5,773.5,764.5,764.5,6309,16555,769.7,777.3,779.35,799.9666666666667,-8.575707108650022,-7.601563932587038,-0.9741431760629835,35.41666666666667,8.321428571428571,-90.92187159957041,6750.8,-132382,16755.55,-24.0,-0.1447614452017576
2025-11-26,764.0,768.5,762.0,765.0,3994,16891,767.6,775.95,778.25,799.0,-8.83173916641556,-7.8475989793527425,-0.9841401870628168,35.41666666666667,8.464285714285714,-93.43800192910429,6628.25,-128388,16768.15,336.0,2.029598308668068
2025-11-27,764.0,767.5,764.0,765.0,3164,16997,766.2,774.1,777.2,798.175,-8.93168748328128,-8.06441668013845,-0.86727080314283,35.78947368421052,8.321428571428571,-80.69742860283706,6401.9,-128388,16791.25,106.0,0.6275531348055141
2025-11-28,765.0,769.0,760.5,765.0,7406,16638,765.5,771.75,776.075,797.2333333333333,-8.908208956799626,-8.233175135470686,-0.67503382132894,29.885057471264375,8.035714285714286,-77.05505329981852,6226.15,-128388,16838.6,-359.0,-2.1121374360181244
2025-12-01,763.0,767.0,761.5,766.5,4551,16365,765.2,769.5,775.3,796.3416666666667,-8.668637929421834,-8.320267694260917,-0.3483702351609175,37.17948717948718,7.857142857142857,-67.64094443549169,5516.7,-123837,16810.15,-273.0,-1.6408222142084372
2025-12-02,767.5,774.5,767.5,769.5,7065,15214,766.2,767.95,774.95,795.525,-8.142835695101098,-8.284781294428953,0.14194559932785467,38.75,7.964285714285714,-29.383717195026513,5574.65,-116772,16685.5,-1151.0,-7.033302780323858
2025-12-03,771.0,771.5,766.0,767.0,3491,15125,766.6,767.1,774.375,794.8,-7.8375167286661735,-8.195328381276397,0.3578116526102235,28.0,7.785714285714286,-40.58926908979983,5530.9,-120263,16558.95,-89.0,-0.584987511502566
2025-12-04,768.0,769.5,763.0,764.5,3780,15398,766.5,766.35,773.65,794.2333333333333,-7.708420481702433,-8.097946801361605,0.38952631965917206,15.714285714285708,7.321428571428571,-51.098561109265894,5495.5,-124043,16441.6,273.0,1.8049586776859528
2025-12-05,763.0,767.5,762.0,765.5,2948,15277,766.6,766.05,773.0,793.7083333333334,-7.439659371041898,-7.966289315297664,0.5266299442557658,16.901408450704224,7.142857142857143,-50.10876135835479,5460.45,-121095,16304.1,-121.0,-0.7858163397843843
2025-12-08,765.5,772.5,765.5,769.5,5206,14469,767.2,766.2,772.35,793.2,-6.825220787236276,-7.738075609685387,0.9128548224491109,28.16901408450704,6.928571428571429,-21.91564841994882,5325.8,-115889,16169.5,-808.0,-5.2889965307324704
2025-12-09,769.0,771.0,765.5,766.5,3094,13846,766.6,766.4,771.85,792.5166666666667,-6.505358981835911,-7.491532284115492,0.9861733022795809,34.48275862068965,6.607142857142857,-27.830926353299247,5270.95,-118983,15991.8,-623.0,-4.30575713594582
2025-12-10,768.0,768.0,747.0,756.0,11886,13070,764.4,765.5,770.725,791.6916666666667,-7.018226695760632,-7.396871166444521,0.3786444706838896,27.77777777777777,7.464285714285714,-81.70955866428902,5651.4,-130869,15755.6,-776.0,-5.604506716741298
2025-12-11,754.0,756.0,745.0,746.0,7123,14509,760.7,763.6,768.85,790.6833333333333,-8.137787136063253,-7.545054360368268,-0.5927327756949845,23.529411764705884,7.785714285714286,-106.77483261269653,5683.9,-137992,15601.95,1439.0,11.00994644223412
2025-12-12,747.5,750.0,743.5,749.0,5592,14519,757.4,762.0,766.875,789.7583333333333,-8.682881074920829,-7.772619703278781,-0.910261371642048,28.888888888888886,7.821428571428571,-100.5192213494168,5593.4,-132400,15529.7,10.0,0.06892273761114343
2025-12-15,753.5,765.0,751.0,753.5,10002,12285,754.2,760.7,765.1,789.0166666666667,-8.652024405080851,-7.948500643639195,-0.7035237614416561,38.04347826086957,8.321428571428571,-53.48796040339856,5794.2,-122398,15386.2,-2234.0,-15.386734623596665
2025-12-16,753.0,763.0,749.0,761.5,7725,10754,753.2,759.9,763.925,788.3,-7.891073744606956,-7.937015263832748,0.04594151922579215,46.728971962616825,8.857142857142858,-44.31269317231512,5969.05,-114673,15209.1,-1531.0,-12.462352462352467
2025-12-17,764.0,766.0,759.0,765.0,5326,8619,755.0,759.7,763.4,787.6083333333333,-6.925758284183075,-7.734763867902814,0.8090055837197383,50.0,9.107142857142858,-3.1807160581007006,5954.35,-109347,14869.2,-2135.0,-19.853077924493213
2025-12-18,765.0,777.0,762.5,772.5,8126,5247,760.3,760.5,763.425,787.0,-5.492240378903148,-7.2862591701028805,1.7940187911997327,55.8139534883721,9.535714285714286,52.028892562403335,6015.1,-101221,14297.1,-3372.0,-39.1228680821441
2025-12-19,769.0,777.0,769.0,772.0,4368,3353,764.9,761.15,763.6,786.5083333333333,-4.346410220875782,-6.698289380257462,2.3518791593816797,54.330708661417326,9.714285714285714,64.7058720271975,5983.1,-105589,13585.5,-1894.0,-36.0968172288927
2025-12-22,780.0,785.5,775.5,778.0,4165,11866,769.8,762.0,764.1,786.0583333333333,-2.9205158210437503,-5.942734668414721,3.0222188473709704,56.390977443609025,10.107142857142858,99.1548596763147,5766.05,-101424,13349.85,8513.0,253.89203698180737
2025-12-23,779.0,781.0,765.0,770.0,7028,11779,771.5,762.35,764.375,785.4333333333333,-2.408256495579508,-5.235839033847678,2.82758253826817,52.08333333333333,10.857142857142858,46.87350322395545,5802.0,-108452,13111.05,-87.0,-0.7331872577111098
2025-12-24,770.0,777.5,769.5,776.0,4210,11667,773.7,764.35,764.925,784.95,-1.5008367221180379,-4.48883857150175,2.9880018493837124,57.615894039735096,10.964285714285714,56.69127400658824,5812.8,-104242,12849.85,-112.0,-0.9508447236607487
2025-12-25,776.0,779.5,775.5,778.0,2508,11760,774.8,767.55,765.575,784.5333333333333,-0.6132475922308913,-3.7137203756475787,3.1004727834166874,58.169934640522875,10.857142857142858,69.39834123994815,5780.0,-101734,12588.0,93.0,0.7971200822833646
2025-12-26,778.0,781.0,771.0,776.5,3754,11621,775.7,770.3,766.15,784.0166666666667,-0.030512546396380458,-2.977078809797339,2.9465662634009586,54.72972972972973,11.071428571428571,55.431727947706,5597.4,-105488,12337.15,-139.0,-1.1819727891156484
2025-12-29,778.0,780.5,773.5,776.0,3515,11616,775.3,772.55,766.625,783.475,0.38650793163799335,-2.3043614615102728,2.690869393148266,56.64335664335665,11.178571428571429,53.24054323482503,5545.6,-109003,12099.7,-5.0,-0.04302555718096457
2025-12-30,778.0,779.0,775.0,776.0,3464,11637,776.5,774.0,766.95,782.9,0.7088287285977231,-1.7017234234886736,2.410552152086397,66.39344262295083,9.964285714285714,50.317673774955,5365.55,-109003,11920.85,21.0,0.18078512396693114
2025-12-31,775.0,777.0,770.0,776.0,3954,11382,776.5,775.1,767.4,782.2166666666667,0.9532814472573818,-1.1707224493394626,2.1240038965968444,79.41176470588235,9.678571428571429,35.81689186593847,5388.7,-109003,11733.7,-255.0,-2.1912864140242294
